id,first_name,last_name,email,gender,ip_address,Eligible,Name_Upper
1,Ossie,Lamborn,olamborn0@chicagotribune.com,Male,50.26.66.51,false,OSSIE
2,Tonya,Hazzard,thazzard1@canalblog.com,Female,130.135.190.120,false,TONYA
3,Jenni,Sedgefield,jsedgefield2@rambler.ru,Genderqueer,23.100.91.208,false,JENNI
4,Heriberto,Lydford,hlydford3@reddit.com,Male,38.193.109.78,false,HERIBERTO
5,Chaddie,Haxbie,chaxbie4@creativecommons.org,Male,145.192.132.186,false,CHADDIE
6,Toby,Strelitzer,tstrelitzer5@psu.edu,Female,107.100.247.36,false,TOBY
7,Jayme,Ferrucci,jferrucci6@statcounter.com,Bigender,109.159.10.209,false,JAYME
8,Marcile,Jodrellec,mjodrellec7@bluehost.com,Female,248.32.122.143,false,MARCILE
9,Murray,Sonier,msonier8@w3.org,Male,118.173.57.62,false,MURRAY
10,Margette,Christin,mchristin9@nytimes.com,Female,242.239.177.69,false,MARGETTE
11,Winnie,Leyland,wleylanda@time.com,Female,155.173.28.234,false,WINNIE
12,Gabi,Veysey,gveyseyb@weibo.com,Male,57.161.139.30,false,GABI
13,Joanna,Gatiss,jgatissc@meetup.com,Female,25.244.215.184,false,JOANNA
14,Barris,Adicot,badicotd@utexas.edu,Genderfluid,28.18.204.172,false,BARRIS
15,Grant,Letford,gletforde@dailymotion.com,Male,94.28.250.104,false,GRANT
16,Alice,Quarles,aquarlesf@hp.com,Female,3.118.202.4,false,ALICE
17,Sallyanne,McEnteggart,smcenteggartg@irs.gov,Female,115.243.202.191,false,SALLYANNE
18,Caritta,Willingam,cwillingamh@dailymotion.com,Female,42.126.24.26,false,CARITTA
19,Joanie,Ziehms,jziehmsi@timesonline.co.uk,Female,211.130.40.154,false,JOANIE
20,Zsa zsa,DeSousa,zdesousaj@networkadvertising.org,Female,246.54.170.82,false,ZSA ZSA
21,Brandy,Varcoe,bvarcoek@nyu.edu,Male,72.217.255.11,false,BRANDY
22,Spencer,Quarterman,squartermanl@bloglines.com,Non-binary,195.224.44.71,false,SPENCER
23,Tracy,Goby,tgobym@huffingtonpost.com,Male,223.82.198.91,false,TRACY
24,Quent,Housego,qhousegon@yandex.ru,Male,150.232.37.115,false,QUENT
25,Waldo,Cheine,wcheineo@irs.gov,Male,245.71.190.133,false,WALDO
26,Addie,Conner,aconnerp@plala.or.jp,Non-binary,50.49.139.114,false,ADDIE
27,Natalina,Abry,nabryq@netvibes.com,Female,125.26.8.238,false,NATALINA
28,Theodore,Burkert,tburkertr@hugedomains.com,Male,193.13.101.202,false,THEODORE
29,Tibold,Nockalls,tnockallss@last.fm,Male,110.78.22.58,false,TIBOLD
30,Douglass,Burnsides,dburnsidest@cyberchimps.com,Male,69.115.244.236,false,DOUGLASS
31,Boote,Code,bcodeu@answers.com,Male,31.188.36.10,false,BOOTE
32,Mandi,Stocks,mstocksv@opera.com,Female,238.146.197.156,false,MANDI
33,Paco,Petrillo,ppetrillow@mlb.com,Male,211.214.31.172,false,PACO
34,Brenden,Holhouse,bholhousex@icq.com,Male,63.220.12.183,false,BRENDEN
35,Damien,Bootyman,dbootymany@sakura.ne.jp,Male,128.92.22.237,false,DAMIEN
36,Ulrich,Wrotchford,uwrotchfordz@trellian.com,Male,234.68.117.39,false,ULRICH
37,Leanora,Bucky,lbucky10@yolasite.com,Genderqueer,97.121.206.33,false,LEANORA
38,Berkeley,Kochel,bkochel11@amazon.co.uk,Male,200.219.174.12,false,BERKELEY
39,Misti,Harkin,mharkin12@ed.gov,Female,88.41.138.40,false,MISTI
40,Kerrill,Metcalfe,kmetcalfe13@cdc.gov,Female,193.160.50.193,false,KERRILL
41,Stacey,Klugman,sklugman14@hp.com,Female,3.232.111.57,false,STACEY
42,Terence,Weetch,tweetch15@ebay.com,Male,164.7.147.71,false,TERENCE
43,Katusha,Chichgar,kchichgar16@furl.net,Female,120.170.48.203,false,KATUSHA
44,Devonna,Olczak,dolczak17@barnesandnoble.com,Female,204.42.238.187,false,DEVONNA
45,Hans,Pleavin,hpleavin18@forbes.com,Genderqueer,197.93.181.55,false,HANS
46,Tamqrah,Staniforth,tstaniforth19@wunderground.com,Female,47.41.56.9,false,TAMQRAH
47,Gun,Szymanowski,gszymanowski1a@nps.gov,Male,191.88.205.14,false,GUN
48,Roderic,Pelchat,rpelchat1b@admin.ch,Male,124.225.110.163,false,RODERIC
49,Murdock,Roskam,mroskam1c@hao123.com,Male,103.154.191.167,false,MURDOCK
50,Munmro,Pescud,mpescud1d@mit.edu,Male,171.31.141.209,false,MUNMRO
51,Lucina,Bearham,lbearham1e@go.com,Agender,90.242.47.198,false,LUCINA
52,Augie,Iwanowicz,aiwanowicz1f@youtube.com,Male,4.198.210.101,false,AUGIE
53,Daphene,Ianne,dianne1g@themeforest.net,Female,180.117.27.198,false,DAPHENE
54,Leigh,Nelson,lnelson1h@noaa.gov,Female,248.22.186.186,false,LEIGH
55,Lorine,Meah,lmeah1i@xinhuanet.com,Female,181.153.127.154,false,LORINE
56,Alene,Ponceford,aponceford1j@youku.com,Female,71.11.195.81,false,ALENE
57,Daria,Benham,dbenham1k@acquirethisname.com,Female,227.133.142.214,false,DARIA
58,Standford,Colgrave,scolgrave1l@techcrunch.com,Male,124.21.227.79,false,STANDFORD
59,Felecia,Pulley,fpulley1m@nasa.gov,Agender,114.46.224.209,false,FELECIA
60,Neely,Getcliff,ngetcliff1n@is.gd,Female,119.99.15.251,false,NEELY
61,Raynor,Lenin,rlenin1o@statcounter.com,Male,149.252.117.241,false,RAYNOR
62,Denise,O' Mullan,domullan1p@bbc.co.uk,Female,178.9.205.146,false,DENISE
63,Marve,Mulvin,mmulvin1q@usa.gov,Male,220.101.113.253,false,MARVE
64,Moyra,Domengue,mdomengue1r@nymag.com,Female,183.83.0.27,false,MOYRA
65,Tabbi,Dulton,tdulton1s@wsj.com,Female,77.140.70.147,false,TABBI
66,Theo,Wyrill,twyrill1t@house.gov,Agender,138.159.116.254,false,THEO
67,Tasia,Costa,tcosta1u@bloglines.com,Female,91.55.28.221,false,TASIA
68,Modestia,Pearlman,mpearlman1v@washingtonpost.com,Female,144.143.219.90,false,MODESTIA
69,Sigismund,Olenov,solenov1w@marketwatch.com,Male,11.57.4.21,false,SIGISMUND
70,Stormie,Bilbie,sbilbie1x@csmonitor.com,Female,7.41.10.117,false,STORMIE
71,Eydie,Harkus,eharkus1y@ihg.com,Female,255.121.168.221,false,EYDIE
72,Derward,MacBarron,dmacbarron1z@list-manage.com,Male,81.189.122.39,false,DERWARD
73,Alain,Warsap,awarsap20@indiatimes.com,Male,188.157.175.103,false,ALAIN
74,Thorpe,McLewd,tmclewd21@usnews.com,Male,145.126.211.20,false,THORPE
75,Cullin,Duly,cduly22@dell.com,Genderfluid,13.61.67.2,false,CULLIN
76,Stephie,Pothergill,spothergill23@geocities.com,Female,34.201.27.175,false,STEPHIE
77,Morie,Fetterplace,mfetterplace24@nps.gov,Male,118.70.75.127,false,MORIE
78,Joshua,Murcott,jmurcott25@engadget.com,Male,13.80.212.182,false,JOSHUA
79,Nobe,Werner,nwerner26@google.de,Male,91.165.51.164,false,NOBE
80,Nike,Waine,nwaine27@phoca.cz,Female,155.18.199.22,false,NIKE
81,Collin,Smithson,csmithson28@g.co,Male,165.161.18.75,true,COLLIN
82,Rey,Porte,rporte29@ftc.gov,Male,230.249.202.138,true,REY
83,Lauren,Trattles,ltrattles2a@ning.com,Male,90.99.98.45,true,LAUREN
84,Maribeth,Korba,mkorba2b@lulu.com,Female,78.97.131.27,true,MARIBETH
85,Arlen,Clucas,aclucas2c@redcross.org,Female,162.67.248.127,true,ARLEN
86,Alvin,Elwell,aelwell2d@wikispaces.com,Male,87.55.66.250,true,ALVIN
87,Arlette,Westcot,awestcot2e@bloglovin.com,Female,182.93.44.158,true,ARLETTE
88,Welch,Sarle,wsarle2f@google.cn,Male,208.96.202.252,true,WELCH
89,Farlay,McLorinan,fmclorinan2g@drupal.org,Male,41.123.255.138,true,FARLAY
90,Riobard,Farish,rfarish2h@forbes.com,Male,73.222.245.239,true,RIOBARD
91,Osgood,Renforth,orenforth2i@example.com,Male,147.6.188.50,true,OSGOOD
92,Freedman,Guittet,fguittet2j@mit.edu,Male,15.224.133.125,true,FREEDMAN
93,Davon,Seabert,dseabert2k@networkadvertising.org,Male,199.95.74.196,true,DAVON
94,Yuma,Auguste,yauguste2l@wordpress.com,Male,152.186.134.78,true,YUMA
95,Brantley,Lusk,blusk2m@skype.com,Male,38.182.40.66,true,BRANTLEY
96,Cheston,Heeney,cheeney2n@msu.edu,Male,18.134.248.46,true,CHESTON
97,Nonie,Jorry,njorry2o@sun.com,Female,209.109.142.212,true,NONIE
98,Tana,Gollard,tgollard2p@ibm.com,Female,253.69.112.177,true,TANA
99,Sampson,Hobell,shobell2q@1und1.de,Male,239.151.246.68,true,SAMPSON
100,Sal,Heindrick,sheindrick2r@godaddy.com,Female,36.171.255.32,true,SAL
101,Gabriele,Jervois,gjervois2s@networksolutions.com,Male,58.143.90.6,true,GABRIELE
102,Alwin,McKinley,amckinley2t@bizjournals.com,Non-binary,33.130.161.59,true,ALWIN
103,Bill,Lucks,blucks2u@posterous.com,Female,65.18.233.202,true,BILL
104,Weylin,Lesek,wlesek2v@theatlantic.com,Male,92.251.203.152,true,WEYLIN
105,Rosana,Smitham,rsmitham2w@wordpress.org,Female,224.48.9.139,true,ROSANA
106,Bella,Faley,bfaley2x@cbslocal.com,Female,222.42.224.182,true,BELLA
107,Reynolds,Duthie,rduthie2y@webnode.com,Male,25.130.132.207,true,REYNOLDS
108,Piotr,Turbitt,pturbitt2z@ning.com,Male,37.176.193.150,true,PIOTR
109,Brigham,Pitfield,bpitfield30@yale.edu,Male,119.17.188.214,true,BRIGHAM
110,Alfred,Grigori,agrigori31@twitter.com,Male,53.155.100.10,true,ALFRED
111,Winnie,Cords,wcords32@soup.io,Female,63.206.69.207,true,WINNIE
112,Jae,Yele,jyele33@yahoo.co.jp,Male,181.34.74.163,true,JAE
113,Hansiain,Runcie,hruncie34@webeden.co.uk,Male,201.141.249.164,true,HANSIAIN
114,Rodger,McMychem,rmcmychem35@craigslist.org,Non-binary,101.118.181.252,true,RODGER
115,Carroll,Tremellier,ctremellier36@scribd.com,Female,47.137.112.8,true,CARROLL
116,Olympe,Hailwood,ohailwood37@google.ca,Female,28.115.228.95,true,OLYMPE
117,Cleopatra,Pietruszewicz,cpietruszewicz38@europa.eu,Female,239.63.174.93,true,CLEOPATRA
118,Arnoldo,Nairns,anairns39@cnn.com,Male,138.202.196.114,true,ARNOLDO
119,Vinnie,Huckerby,vhuckerby3a@stumbleupon.com,Male,156.79.9.68,true,VINNIE
120,Gareth,Borsay,gborsay3b@adobe.com,Agender,49.147.133.248,true,GARETH
121,Lynda,Wollrauch,lwollrauch3c@hubpages.com,Female,31.144.171.3,true,LYNDA
122,Jareb,Dunklee,jdunklee3d@about.me,Male,217.170.3.72,true,JAREB
123,Feodor,Bloodworth,fbloodworth3e@google.es,Male,180.191.233.94,true,FEODOR
124,Noelyn,Friberg,nfriberg3f@mediafire.com,Genderqueer,87.77.134.205,true,NOELYN
125,Kale,Hiers,khiers3g@bravesites.com,Male,221.56.147.98,true,KALE
126,Drucy,Salterne,dsalterne3h@toplist.cz,Female,185.90.172.77,true,DRUCY
127,Janina,Mundall,jmundall3i@fastcompany.com,Female,123.26.189.163,true,JANINA
128,Etta,Larchier,elarchier3j@icio.us,Female,34.196.78.78,true,ETTA
129,Jaquelin,Smaling,jsmaling3k@unicef.org,Polygender,90.158.210.2,true,JAQUELIN
130,Fiorenze,Moody,fmoody3l@nasa.gov,Female,146.138.2.110,true,FIORENZE
131,Louis,Maha,lmaha3m@tripod.com,Male,200.123.58.247,true,LOUIS
132,Ingamar,Fibbings,ifibbings3n@zdnet.com,Male,198.219.52.51,true,INGAMAR
133,Rolf,Hovie,rhovie3o@google.fr,Agender,252.120.119.144,true,ROLF
134,Magdaia,Pickerin,mpickerin3p@cmu.edu,Female,246.172.73.53,true,MAGDAIA
135,Francklyn,Solomonides,fsolomonides3q@jigsy.com,Male,142.48.22.56,true,FRANCKLYN
136,Cleveland,Dooler,cdooler3r@amazon.co.jp,Male,235.70.182.125,true,CLEVELAND
137,Thornie,Dullard,tdullard3s@joomla.org,Male,193.232.20.84,true,THORNIE
138,Clarissa,Marcroft,cmarcroft3t@purevolume.com,Female,179.82.136.72,true,CLARISSA
139,Isac,Wyss,iwyss3u@ebay.co.uk,Male,255.105.160.113,true,ISAC
140,Tedra,Leverett,tleverett3v@lycos.com,Non-binary,27.251.28.15,true,TEDRA
141,Isador,Skelcher,iskelcher3w@unc.edu,Male,181.204.199.179,true,ISADOR
142,Rubie,Sisse,rsisse3x@mapquest.com,Female,10.10.7.141,true,RUBIE
143,Trude,Tripe,ttripe3y@opera.com,Female,110.194.201.214,true,TRUDE
144,Trescha,Butt Gow,tbuttgow3z@arstechnica.com,Female,71.218.213.189,true,TRESCHA
145,Hadleigh,Orbell,horbell40@skyrock.com,Male,25.161.150.4,true,HADLEIGH
146,Elaina,Bogey,ebogey41@goo.gl,Genderfluid,124.255.172.134,true,ELAINA
147,Tomkin,Blune,tblune42@booking.com,Male,120.115.246.84,true,TOMKIN
148,Jasen,Telezhkin,jtelezhkin43@reference.com,Male,20.108.116.137,true,JASEN
149,Wini,Gebuhr,wgebuhr44@google.es,Female,245.128.28.135,true,WINI
150,Loraine,Trask,ltrask45@mozilla.com,Female,53.120.184.181,true,LORAINE
151,Vania,MacTrustram,vmactrustram46@nih.gov,Female,126.178.240.181,true,VANIA
152,Ahmed,Wathen,awathen47@fema.gov,Male,23.247.169.76,true,AHMED
153,Amble,Cussen,acussen48@soundcloud.com,Male,227.165.174.220,true,AMBLE
154,Nowell,Shermar,nshermar49@paginegialle.it,Male,190.152.34.118,true,NOWELL
155,Jdavie,Walewicz,jwalewicz4a@furl.net,Male,168.71.121.205,true,JDAVIE
156,Lucille,Tibbs,ltibbs4b@state.tx.us,Female,85.187.150.167,true,LUCILLE
157,Guilbert,Van Brug,gvanbrug4c@friendfeed.com,Male,101.209.160.92,true,GUILBERT
158,Cayla,Rangle,crangle4d@deviantart.com,Female,123.139.109.171,true,CAYLA
159,Marylin,Dun,mdun4e@domainmarket.com,Female,220.84.12.137,true,MARYLIN
160,Amaleta,Mingame,amingame4f@fotki.com,Female,39.126.210.230,true,AMALETA
161,Bren,Farthin,bfarthin4g@reverbnation.com,Female,238.154.50.18,true,BREN
162,Holden,Baiss,hbaiss4h@nps.gov,Male,104.13.68.83,true,HOLDEN
163,Karlik,Edbrooke,kedbrooke4i@spiegel.de,Male,30.19.127.28,true,KARLIK
164,Odille,Vescovini,ovescovini4j@ocn.ne.jp,Female,198.188.225.233,true,ODILLE
165,Loni,Ambrogiotti,lambrogiotti4k@slashdot.org,Female,39.217.80.143,true,LONI
166,Starla,Rignoldes,srignoldes4l@reuters.com,Bigender,227.68.139.154,true,STARLA
167,Luci,Stroban,lstroban4m@telegraph.co.uk,Female,65.141.250.47,true,LUCI
168,Kathie,Haggith,khaggith4n@amazon.com,Female,95.197.226.127,true,KATHIE
169,Micah,Grumley,mgrumley4o@diigo.com,Agender,66.2.112.171,true,MICAH
170,Doretta,Ridwood,dridwood4p@feedburner.com,Female,116.202.81.187,true,DORETTA
171,Fifine,Puttock,fputtock4q@dyndns.org,Female,47.250.96.168,true,FIFINE
172,Sergeant,Greste,sgreste4r@geocities.com,Male,128.235.170.106,true,SERGEANT
173,Menard,Jinkins,mjinkins4s@deviantart.com,Male,221.153.98.237,true,MENARD
174,Kristel,Climie,kclimie4t@wiley.com,Non-binary,185.22.73.182,true,KRISTEL
175,Durand,Scowen,dscowen4u@oakley.com,Male,87.203.241.46,true,DURAND
176,Tiebold,Kellar,tkellar4v@opensource.org,Male,74.10.43.39,true,TIEBOLD
177,Lira,McOnie,lmconie4w@yolasite.com,Polygender,250.237.153.251,true,LIRA
178,Magdaia,Turbat,mturbat4x@europa.eu,Female,5.226.7.67,true,MAGDAIA
179,Magdaia,Gwynn,mgwynn4y@delicious.com,Genderfluid,219.251.66.198,true,MAGDAIA
180,Beret,Dewdeny,bdewdeny4z@psu.edu,Female,38.198.252.161,true,BERET
181,Jackqueline,Yeats,jyeats50@psu.edu,Female,108.136.102.52,true,JACKQUELINE
182,Chandler,Brunnstein,cbrunnstein51@mysql.com,Male,186.116.198.30,true,CHANDLER
183,Ardelis,Tockell,atockell52@scribd.com,Female,76.61.46.39,true,ARDELIS
184,Rorke,Colliss,rcolliss53@sogou.com,Male,173.97.162.221,true,RORKE
185,Dill,Dielhenn,ddielhenn54@desdev.cn,Male,37.20.151.223,true,DILL
186,Ashil,Robertsson,arobertsson55@bloomberg.com,Female,88.179.149.35,true,ASHIL
187,Arny,Rawdales,arawdales56@naver.com,Genderqueer,196.212.119.188,true,ARNY
188,Langsdon,Pettigrew,lpettigrew57@reference.com,Male,196.21.207.195,true,LANGSDON
189,Dee dee,Chatteris,dchatteris58@census.gov,Female,211.167.162.114,true,DEE DEE
190,Ericha,Jeanequin,ejeanequin59@ibm.com,Female,185.232.48.19,true,ERICHA
191,Codie,Avramow,cavramow5a@time.com,Female,0.192.184.230,true,CODIE
192,Anet,Fillary,afillary5b@imageshack.us,Female,229.30.122.150,true,ANET
193,Dorry,Mullinder,dmullinder5c@prlog.org,Female,56.146.211.192,true,DORRY
194,Roanna,Brereton,rbrereton5d@jalbum.net,Polygender,133.66.94.148,true,ROANNA
195,Donella,Ben,dben5e@digg.com,Female,249.93.98.93,true,DONELLA
196,Vince,Tremoille,vtremoille5f@vkontakte.ru,Male,141.148.174.178,true,VINCE
197,Cherry,Baggot,cbaggot5g@java.com,Female,108.245.183.200,true,CHERRY
198,Elenore,Bortolini,ebortolini5h@ucoz.com,Female,141.175.8.99,true,ELENORE
199,Cammy,Lage,clage5i@europa.eu,Agender,78.34.109.138,true,CAMMY
200,Pearline,Gonnet,pgonnet5j@bing.com,Female,56.81.74.189,true,PEARLINE
201,Nanny,Farnie,nfarnie5k@cafepress.com,Female,233.169.111.230,true,NANNY
202,Avril,Ruprich,aruprich5l@nbcnews.com,Female,56.17.98.146,true,AVRIL
203,Chandal,Cornish,ccornish5m@ucla.edu,Female,214.113.191.221,true,CHANDAL
204,Ellis,Lyven,elyven5n@rediff.com,Male,95.185.155.116,true,ELLIS
205,Shea,O'Hickee,sohickee5o@technorati.com,Male,57.27.123.86,true,SHEA
206,Ingemar,Sneller,isneller5p@yandex.ru,Male,158.50.60.179,true,INGEMAR
207,Ewart,Bonham,ebonham5q@rambler.ru,Male,66.216.232.47,true,EWART
208,Davidde,Morcombe,dmorcombe5r@histats.com,Male,82.210.122.134,true,DAVIDDE
209,Waverly,Oliver-Paull,woliverpaull5s@theguardian.com,Male,59.182.192.242,true,WAVERLY
210,Pavlov,Jamieson,pjamieson5t@opera.com,Male,207.47.114.97,true,PAVLOV
211,Skelly,Broadley,sbroadley5u@dedecms.com,Male,0.38.122.225,true,SKELLY
212,Berni,Philippard,bphilippard5v@mail.ru,Female,41.212.48.8,true,BERNI
213,Juanita,Sandels,jsandels5w@github.io,Female,245.79.222.94,true,JUANITA
214,Gerome,Denizet,gdenizet5x@webeden.co.uk,Male,82.35.197.112,true,GEROME
215,Gawen,Mulkerrins,gmulkerrins5y@pagesperso-orange.fr,Male,139.58.174.139,true,GAWEN
216,Cynthie,Swancock,cswancock5z@arizona.edu,Female,122.74.208.176,true,CYNTHIE
217,Bethanne,Halley,bhalley60@oracle.com,Female,248.59.168.208,true,BETHANNE
218,Thaddus,Devanny,tdevanny61@bbb.org,Male,125.151.29.98,true,THADDUS
219,Meryl,Leechman,mleechman62@constantcontact.com,Male,169.211.168.16,true,MERYL
220,Hillie,Quartermaine,hquartermaine63@ustream.tv,Male,75.210.162.49,true,HILLIE
221,Sharyl,Mowsley,smowsley64@disqus.com,Female,234.203.60.55,true,SHARYL
222,Raleigh,Eliez,reliez65@guardian.co.uk,Male,170.149.231.111,true,RALEIGH
223,Francklin,Dabner,fdabner66@icio.us,Male,179.154.67.157,true,FRANCKLIN
224,Nilson,Tomadoni,ntomadoni67@mediafire.com,Male,78.58.87.235,true,NILSON
225,Ingeberg,Enevold,ienevold68@imageshack.us,Agender,107.7.221.90,true,INGEBERG
226,Bridget,Buckham,bbuckham69@skyrock.com,Female,163.34.214.14,true,BRIDGET
227,Jada,Wilcot,jwilcot6a@time.com,Female,74.86.117.188,true,JADA
228,Aurora,Kindell,akindell6b@yolasite.com,Female,80.11.80.102,true,AURORA
229,Lib,Sproston,lsproston6c@ustream.tv,Non-binary,127.121.37.66,true,LIB
230,Sabina,Covet,scovet6d@businessinsider.com,Female,82.146.80.96,true,SABINA
231,Marion,Attreed,mattreed6e@t-online.de,Male,124.166.170.18,true,MARION
232,Steffen,Casazza,scasazza6f@yellowpages.com,Male,176.158.30.196,true,STEFFEN
233,Johannes,MacMenamin,jmacmenamin6g@amazon.de,Male,161.231.44.79,true,JOHANNES
234,Carleton,Yewen,cyewen6h@jugem.jp,Male,227.35.19.241,true,CARLETON
235,Gunther,Dafforne,gdafforne6i@engadget.com,Male,53.201.114.149,true,GUNTHER
236,Eyde,O'Conor,eoconor6j@sphinn.com,Agender,231.235.209.239,true,EYDE
237,Dennie,Winwright,dwinwright6k@wikia.com,Female,103.134.201.193,true,DENNIE
238,Boothe,McShirrie,bmcshirrie6l@naver.com,Male,146.244.196.189,true,BOOTHE
239,Claudian,Dreghorn,cdreghorn6m@cbsnews.com,Male,149.4.238.22,true,CLAUDIAN
240,Agnes,Imrie,aimrie6n@youku.com,Female,178.237.11.231,true,AGNES
241,Evelyn,Charlton,echarlton6o@so-net.ne.jp,Male,118.23.98.250,true,EVELYN
242,Ardine,Woodhams,awoodhams6p@xing.com,Genderfluid,60.39.254.217,true,ARDINE
243,Bourke,Doneld,bdoneld6q@sohu.com,Male,249.106.127.189,true,BOURKE
244,Tommy,Guyers,tguyers6r@amazon.de,Female,237.38.253.88,true,TOMMY
245,Meade,Cripps,mcripps6s@nhs.uk,Female,44.249.222.114,true,MEADE
246,Windham,Addy,waddy6t@ed.gov,Bigender,176.94.170.31,true,WINDHAM
247,Jobey,Gurnay,jgurnay6u@parallels.com,Female,228.25.153.135,true,JOBEY
248,Caprice,Bennison,cbennison6v@mlb.com,Female,118.104.133.97,true,CAPRICE
249,Loraine,Chiese,lchiese6w@upenn.edu,Female,67.178.118.62,true,LORAINE
250,Ronda,Rosenblath,rrosenblath6x@zimbio.com,Female,39.245.227.74,true,RONDA
251,Marilyn,Slaten,mslaten6y@parallels.com,Female,193.155.221.251,true,MARILYN
252,Ede,Deport,edeport6z@ca.gov,Female,37.13.240.232,true,EDE
253,Oriana,Douglas,odouglas70@istockphoto.com,Female,167.101.28.97,true,ORIANA
254,Zoe,Aliman,zaliman71@artisteer.com,Female,65.176.31.60,true,ZOE
255,Diann,Ludron,dludron72@wsj.com,Female,254.11.175.86,true,DIANN
256,Goldarina,Odell,godell73@cisco.com,Female,153.109.88.191,true,GOLDARINA
257,Natale,Khan,nkhan74@instagram.com,Male,126.143.157.120,true,NATALE
258,Annmarie,Henderson,ahenderson75@slate.com,Female,82.74.146.14,true,ANNMARIE
259,Jobye,Rigney,jrigney76@nasa.gov,Female,173.18.202.2,true,JOBYE
260,Clemmie,Burnyeat,cburnyeat77@wp.com,Female,136.26.94.241,true,CLEMMIE
261,Washington,Burgoin,wburgoin78@icq.com,Male,142.208.95.222,true,WASHINGTON
262,Leonardo,Strange,lstrange79@webeden.co.uk,Male,32.230.119.190,true,LEONARDO
263,Fancy,Ruffell,fruffell7a@europa.eu,Female,155.41.61.112,true,FANCY
264,Farlee,Phin,fphin7b@indiatimes.com,Male,108.155.40.105,true,FARLEE
265,Don,Love,dlove7c@friendfeed.com,Male,107.237.148.131,true,DON
266,Bank,Ortiger,bortiger7d@jiathis.com,Male,182.199.177.35,true,BANK
267,Frankie,Lamswood,flamswood7e@networkadvertising.org,Female,170.78.150.239,true,FRANKIE
268,Thia,Winter,twinter7f@dion.ne.jp,Female,208.26.57.242,true,THIA
269,Zane,Isakson,zisakson7g@php.net,Male,205.122.228.101,true,ZANE
270,Guthrie,Mattheis,gmattheis7h@stumbleupon.com,Male,50.230.193.137,true,GUTHRIE
271,Patricio,Margerison,pmargerison7i@artisteer.com,Male,227.185.89.105,true,PATRICIO
272,Brigham,Campione,bcampione7j@wix.com,Male,6.186.134.240,true,BRIGHAM
273,Aubry,Henstridge,ahenstridge7k@oaic.gov.au,Female,213.215.223.145,true,AUBRY
274,Milt,Ivanyushkin,mivanyushkin7l@baidu.com,Male,171.206.154.192,true,MILT
275,Shelton,Easseby,seasseby7m@altervista.org,Male,192.204.156.59,true,SHELTON
276,Michaelina,Grandisson,mgrandisson7n@usa.gov,Female,117.223.11.34,true,MICHAELINA
277,Kaela,Meaders,kmeaders7o@imageshack.us,Agender,1.148.145.159,true,KAELA
278,Barclay,Cutajar,bcutajar7p@wufoo.com,Male,195.79.148.242,true,BARCLAY
279,Isaiah,Sussex,isussex7q@dedecms.com,Male,135.175.191.7,true,ISAIAH
280,Onfre,Peal,opeal7r@wisc.edu,Male,86.215.99.62,true,ONFRE
281,Gar,Blunsom,gblunsom7s@altervista.org,Male,192.243.190.193,true,GAR
282,Tony,MacGill,tmacgill7t@facebook.com,Male,36.55.180.150,true,TONY
283,Hannie,Chaloner,hchaloner7u@angelfire.com,Female,120.220.177.125,true,HANNIE
284,Curt,Warlawe,cwarlawe7v@yandex.ru,Male,154.253.229.213,true,CURT
285,Georgy,Placide,gplacide7w@nih.gov,Male,187.133.72.131,true,GEORGY
286,Monte,Da Costa,mdacosta7x@hud.gov,Male,70.238.3.64,true,MONTE
287,Matilda,MacGiany,mmacgiany7y@marriott.com,Female,196.143.59.11,true,MATILDA
288,Liane,Geffen,lgeffen7z@nyu.edu,Female,176.40.102.222,true,LIANE
289,Patin,Hargreaves,phargreaves80@ezinearticles.com,Male,50.18.174.118,true,PATIN
290,Amalie,Cubbino,acubbino81@devhub.com,Agender,239.166.210.20,true,AMALIE
291,Cchaddie,Stanyforth,cstanyforth82@disqus.com,Male,222.52.190.159,true,CCHADDIE
292,Essie,Pell,epell83@psu.edu,Female,237.27.182.87,true,ESSIE
293,Cecily,Hunsworth,chunsworth84@rediff.com,Female,35.173.240.190,true,CECILY
294,Shae,Nightingale,snightingale85@spotify.com,Female,150.155.2.177,true,SHAE
295,Del,Bark,dbark86@pinterest.com,Female,167.249.81.1,true,DEL
296,Gabe,Simeonov,gsimeonov87@weather.com,Male,44.154.34.1,true,GABE
297,Claudetta,Jago,cjago88@cnbc.com,Agender,48.199.38.75,true,CLAUDETTA
298,Cecilio,Stangoe,cstangoe89@tinypic.com,Male,89.165.119.245,true,CECILIO
299,Nolly,Maddigan,nmaddigan8a@infoseek.co.jp,Male,163.56.72.175,true,NOLLY
300,Weylin,Hentzeler,whentzeler8b@globo.com,Male,114.227.105.163,true,WEYLIN
301,Jemie,Murfett,jmurfett8c@pagesperso-orange.fr,Female,129.163.55.237,true,JEMIE
302,Shandy,Bohling,sbohling8d@storify.com,Female,223.4.108.224,true,SHANDY
303,Leeann,Venour,lvenour8e@cmu.edu,Female,57.204.98.175,true,LEEANN
304,Hillard,Simonnin,hsimonnin8f@opera.com,Male,81.56.101.248,true,HILLARD
305,Celestina,Yardley,cyardley8g@businessweek.com,Genderfluid,66.61.157.145,true,CELESTINA
306,Marcus,Scolli,mscolli8h@go.com,Male,66.73.253.68,true,MARCUS
307,Arv,Warrender,awarrender8i@amazon.com,Bigender,215.242.163.121,true,ARV
308,Harold,Ikins,hikins8j@tinyurl.com,Male,220.7.163.187,true,HAROLD
309,Saidee,Housbey,shousbey8k@chicagotribune.com,Female,158.33.147.58,true,SAIDEE
310,Kyle,Vasiliu,kvasiliu8l@timesonline.co.uk,Male,57.88.50.86,true,KYLE
311,Orbadiah,Esherwood,oesherwood8m@ucoz.com,Male,172.173.144.93,true,ORBADIAH
312,Roxanne,Housaman,rhousaman8n@spiegel.de,Female,144.162.220.131,true,ROXANNE
313,Codi,Naire,cnaire8o@naver.com,Male,44.8.172.192,true,CODI
314,Ewell,O'Cannan,eocannan8p@networksolutions.com,Male,80.31.111.233,true,EWELL
315,Stephan,Corkitt,scorkitt8q@seattletimes.com,Male,233.188.26.237,true,STEPHAN
316,Worthy,Vowells,wvowells8r@washingtonpost.com,Male,145.69.22.152,true,WORTHY
317,Wake,Sandercock,wsandercock8s@cafepress.com,Male,192.136.250.174,true,WAKE
318,Wandis,Gresly,wgresly8t@cloudflare.com,Female,143.71.205.102,true,WANDIS
319,Jae,Clutten,jclutten8u@bloglovin.com,Male,47.29.80.233,true,JAE
320,Shaughn,Cainey,scainey8v@yellowbook.com,Male,153.65.243.178,true,SHAUGHN
321,Witty,Bruun,wbruun8w@census.gov,Male,241.34.205.192,true,WITTY
322,Nathan,Klicher,nklicher8x@oracle.com,Non-binary,119.244.16.113,true,NATHAN
323,Ilyse,Dowman,idowman8y@hibu.com,Female,101.132.248.136,true,ILYSE
324,Portie,Sangar,psangar8z@google.pl,Male,246.236.102.93,true,PORTIE
325,Jennica,Treby,jtreby90@pen.io,Female,201.39.145.128,true,JENNICA
326,Wilton,Nesbitt,wnesbitt91@illinois.edu,Male,209.41.114.28,true,WILTON
327,Chandler,Duddy,cduddy92@gravatar.com,Male,131.253.213.136,true,CHANDLER
328,Lynnet,Lavis,llavis93@163.com,Female,140.103.66.130,true,LYNNET
329,Allis,Connerly,aconnerly94@linkedin.com,Bigender,111.165.207.230,true,ALLIS
330,Hinda,Jacobowits,hjacobowits95@cdc.gov,Female,125.24.158.244,true,HINDA
331,Vyky,Blazi,vblazi96@furl.net,Female,254.230.187.166,true,VYKY
332,Hendrik,Altofts,haltofts97@statcounter.com,Male,231.166.71.132,true,HENDRIK
333,Wain,Shawdforth,wshawdforth98@howstuffworks.com,Male,66.146.156.235,true,WAIN
334,Nettie,Aizikowitz,naizikowitz99@123-reg.co.uk,Female,65.77.191.249,true,NETTIE
335,Giff,Truwert,gtruwert9a@moonfruit.com,Male,192.44.207.203,true,GIFF
336,Amory,Caldwell,acaldwell9b@reddit.com,Male,53.192.27.177,true,AMORY
337,Ellen,Slimmon,eslimmon9c@hp.com,Female,193.1.145.58,true,ELLEN
338,Wilmette,Arents,warents9d@seesaa.net,Female,75.19.6.20,true,WILMETTE
339,Lars,Athy,lathy9e@mit.edu,Male,153.83.210.246,true,LARS
340,Chane,Di Dello,cdidello9f@zimbio.com,Male,46.0.50.80,true,CHANE
341,Chane,Skokoe,cskokoe9g@wiley.com,Male,117.86.87.24,true,CHANE
342,Hansiain,Jurries,hjurries9h@wunderground.com,Male,226.39.177.210,true,HANSIAIN
343,Carmelle,Elloit,celloit9i@jiathis.com,Female,205.184.206.160,true,CARMELLE
344,Freedman,Gillings,fgillings9j@google.co.uk,Male,39.190.188.232,true,FREEDMAN
345,Ariadne,Seeviour,aseeviour9k@sun.com,Female,181.117.38.29,true,ARIADNE
346,Antin,Hucks,ahucks9l@hibu.com,Male,187.5.76.221,true,ANTIN
347,Duke,Wong,dwong9m@123-reg.co.uk,Male,208.11.21.208,true,DUKE
348,Kristoforo,Eberlein,keberlein9n@wikispaces.com,Male,126.36.141.211,true,KRISTOFORO
349,Melody,Bentsen,mbentsen9o@foxnews.com,Female,87.128.171.0,true,MELODY
350,Seward,Moan,smoan9p@oakley.com,Male,245.184.109.177,true,SEWARD
351,Gretta,Hegel,ghegel9q@nymag.com,Female,165.114.180.162,true,GRETTA
352,Asa,Bonifazio,abonifazio9r@technorati.com,Male,202.13.214.241,true,ASA
353,Julita,Duling,jduling9s@ucoz.ru,Female,225.18.115.248,true,JULITA
354,Brian,Wileman,bwileman9t@ucoz.ru,Male,79.33.98.182,true,BRIAN
355,Earle,Raund,eraund9u@fda.gov,Male,163.39.71.171,true,EARLE
356,Maje,Iacovacci,miacovacci9v@unesco.org,Male,255.235.224.59,true,MAJE
357,Thayne,Lyles,tlyles9w@google.ca,Male,69.2.253.12,true,THAYNE
358,Gal,Haspineall,ghaspineall9x@time.com,Male,239.215.46.167,true,GAL
359,Ashbey,Grundwater,agrundwater9y@un.org,Polygender,36.210.193.221,true,ASHBEY
360,Fran,Trathan,ftrathan9z@feedburner.com,Female,177.176.153.77,true,FRAN
361,Caldwell,Chmarny,cchmarnya0@squarespace.com,Male,2.250.2.220,true,CALDWELL
362,Sharline,Brownill,sbrownilla1@businessinsider.com,Female,98.18.134.238,true,SHARLINE
363,Sarina,Wisson,swissona2@constantcontact.com,Female,60.57.38.92,true,SARINA
364,Ferguson,Mantram,fmantrama3@arizona.edu,Male,54.96.75.101,true,FERGUSON
365,Kimbra,Bunclark,kbunclarka4@i2i.jp,Female,76.47.225.176,true,KIMBRA
366,Caprice,Mote,cmotea5@narod.ru,Female,183.28.254.110,true,CAPRICE
367,Sinclare,Graine,sgrainea6@hc360.com,Male,62.76.139.118,true,SINCLARE
368,Doralia,Bleesing,dbleesinga7@mlb.com,Polygender,208.132.30.148,true,DORALIA
369,Ashia,Caser,acasera8@yale.edu,Female,16.23.219.83,true,ASHIA
370,Vidovik,Dzenisenka,vdzenisenkaa9@livejournal.com,Male,155.2.131.74,true,VIDOVIK
371,Gussi,Base,gbaseaa@barnesandnoble.com,Female,14.134.153.210,true,GUSSI
372,Evangelin,Tattersill,etattersillab@globo.com,Female,200.225.211.249,true,EVANGELIN
373,Vonni,Dionsetto,vdionsettoac@sbwire.com,Female,239.27.175.90,true,VONNI
374,Tades,Iaduccelli,tiaduccelliad@google.pl,Male,99.158.211.248,true,TADES
375,Abbe,Cowlishaw,acowlishawae@amazon.co.jp,Female,215.3.239.105,true,ABBE
376,Harlan,Risdale,hrisdaleaf@fastcompany.com,Male,32.46.47.225,true,HARLAN
377,Doyle,McMains,dmcmainsag@ucoz.com,Male,41.132.85.23,true,DOYLE
378,Sully,Lillford,slillfordah@weather.com,Male,121.175.213.228,true,SULLY
379,Guss,Rickerd,grickerdai@yale.edu,Male,11.84.190.153,true,GUSS
380,Kingsly,Caustic,kcausticaj@edublogs.org,Male,102.229.108.203,true,KINGSLY
381,Gherardo,Bigham,gbighamak@gravatar.com,Male,27.143.107.46,true,GHERARDO
382,Obed,Serrels,oserrelsal@bing.com,Male,214.251.153.120,true,OBED
383,Bruis,Foat,bfoatam@unblog.fr,Bigender,113.86.83.248,true,BRUIS
384,Bastian,Creaser,bcreaseran@fda.gov,Male,156.110.249.71,true,BASTIAN
385,Clementia,Ebbrell,cebbrellao@nifty.com,Female,176.248.66.234,true,CLEMENTIA
386,Tamarra,Ryle,tryleap@upenn.edu,Female,228.28.231.83,true,TAMARRA
387,Stacey,Taig,staigaq@hibu.com,Polygender,190.186.255.145,true,STACEY
388,Roberto,Giovanetti,rgiovanettiar@google.ca,Polygender,247.4.117.148,true,ROBERTO
389,Ronnie,Hamby,rhambyas@mapquest.com,Male,149.49.102.88,true,RONNIE
390,Tabbie,Boschmann,tboschmannat@amazon.com,Male,184.177.255.92,true,TABBIE
391,Ozzy,Eschelle,oeschelleau@imdb.com,Male,231.203.39.104,true,OZZY
392,Randolph,Innott,rinnottav@soup.io,Male,208.100.58.18,true,RANDOLPH
393,Zilvia,Trighton,ztrightonaw@xinhuanet.com,Female,97.166.0.34,true,ZILVIA
394,Carly,Prahl,cprahlax@last.fm,Male,98.160.247.31,true,CARLY
395,Sammie,Cobleigh,scobleighay@google.co.jp,Male,157.37.125.117,true,SAMMIE
396,Berky,Tuckwell,btuckwellaz@goodreads.com,Male,202.76.253.47,true,BERKY
397,Frank,Gilby,fgilbyb0@reference.com,Male,0.184.57.108,true,FRANK
398,Cort,Eannetta,ceannettab1@yahoo.com,Male,194.30.199.103,true,CORT
399,Georgie,Barmby,gbarmbyb2@youtu.be,Male,51.89.42.71,true,GEORGIE
400,Chanda,Kinsell,ckinsellb3@bluehost.com,Female,97.39.204.175,true,CHANDA
401,Letizia,Sayle,lsayleb4@microsoft.com,Female,152.203.153.93,true,LETIZIA
402,Gabie,Fowden,gfowdenb5@mozilla.com,Female,247.121.216.203,true,GABIE
403,Letty,Wandrey,lwandreyb6@mtv.com,Female,230.206.160.245,true,LETTY
404,Jermain,Branney,jbranneyb7@seesaa.net,Male,150.214.227.202,true,JERMAIN
405,Falkner,Uttridge,futtridgeb8@upenn.edu,Male,16.15.36.251,true,FALKNER
406,Abby,Fulep,afulepb9@dmoz.org,Male,244.198.170.31,true,ABBY
407,Linet,Brideaux,lbrideauxba@nbcnews.com,Female,245.193.195.69,true,LINET
408,Sheba,Amoss,samossbb@marriott.com,Polygender,183.142.251.204,true,SHEBA
409,Davidson,Hickisson,dhickissonbc@uol.com.br,Non-binary,157.89.108.99,true,DAVIDSON
410,Alexandre,Mitten,amittenbd@nba.com,Male,238.191.86.232,true,ALEXANDRE
411,Valle,Mingaud,vmingaudbe@youku.com,Male,60.44.32.178,true,VALLE
412,Elora,Egell,eegellbf@arizona.edu,Female,71.251.136.253,true,ELORA
413,Gustav,Tattersall,gtattersallbg@posterous.com,Male,83.23.251.148,true,GUSTAV
414,El,Owthwaite,eowthwaitebh@phpbb.com,Male,14.86.174.106,true,EL
415,Lenna,Woolfall,lwoolfallbi@freewebs.com,Female,107.164.199.225,true,LENNA
416,Fletcher,Roughey,frougheybj@booking.com,Male,205.166.154.218,true,FLETCHER
417,Nanni,Daskiewicz,ndaskiewiczbk@state.gov,Female,202.255.231.27,true,NANNI
418,Amil,Valentino,avalentinobl@qq.com,Genderqueer,104.69.8.243,true,AMIL
419,Neale,Eccleston,necclestonbm@bloglovin.com,Agender,146.186.177.239,true,NEALE
420,Ramona,Geraudy,rgeraudybn@miitbeian.gov.cn,Female,146.153.156.128,true,RAMONA
421,Karola,Snoxall,ksnoxallbo@wikipedia.org,Female,156.214.68.129,true,KAROLA
422,Richmond,Lambole,rlambolebp@odnoklassniki.ru,Male,174.10.167.146,true,RICHMOND
423,Roxi,Weetch,rweetchbq@harvard.edu,Non-binary,121.54.253.102,true,ROXI
424,Patrizia,Fowlds,pfowldsbr@tmall.com,Female,151.132.29.61,true,PATRIZIA
425,Fredrika,Bottlestone,fbottlestonebs@domainmarket.com,Female,151.12.222.55,true,FREDRIKA
426,Colet,Doul,cdoulbt@answers.com,Male,237.22.230.4,true,COLET
427,Goraud,Matovic,gmatovicbu@addthis.com,Male,212.207.96.187,true,GORAUD
428,Curcio,Bagster,cbagsterbv@posterous.com,Male,48.215.159.155,true,CURCIO
429,Cherye,Narrie,cnarriebw@odnoklassniki.ru,Non-binary,196.49.242.107,true,CHERYE
430,Lorens,Norsworthy,lnorsworthybx@sitemeter.com,Male,72.89.88.75,true,LORENS
431,Emerson,Cavolini,ecavoliniby@nps.gov,Male,120.205.181.113,true,EMERSON
432,Nola,Bruin,nbruinbz@cam.ac.uk,Female,93.227.168.10,true,NOLA
433,Rand,Garthside,rgarthsidec0@ycombinator.com,Male,144.165.35.228,true,RAND
434,Carlo,Toffalo,ctoffaloc1@youtu.be,Male,191.170.72.99,true,CARLO
435,Virgie,Shortcliffe,vshortcliffec2@pbs.org,Male,67.88.26.65,true,VIRGIE
436,Farah,Stickings,fstickingsc3@ucoz.ru,Female,31.164.56.111,true,FARAH
437,Jeremy,Couve,jcouvec4@mac.com,Male,48.138.66.205,true,JEREMY
438,Ernest,Sansom,esansomc5@nps.gov,Male,6.95.177.96,true,ERNEST
439,Genny,Instock,ginstockc6@sina.com.cn,Female,127.144.144.149,true,GENNY
440,Stavro,Leglise,sleglisec7@whitehouse.gov,Male,42.154.194.210,true,STAVRO
441,Byran,Rickesies,brickesiesc8@ning.com,Male,12.212.139.83,true,BYRAN
442,Barri,Growden,bgrowdenc9@nifty.com,Male,177.224.237.229,true,BARRI
443,Khalil,Mundall,kmundallca@reuters.com,Male,214.8.184.207,true,KHALIL
444,Barbabas,Jayne,bjaynecb@ibm.com,Male,158.214.49.95,true,BARBABAS
445,Ronnie,Evason,revasoncc@xing.com,Female,177.90.30.21,true,RONNIE
446,Falkner,Gartshore,fgartshorecd@cafepress.com,Male,207.162.115.147,true,FALKNER
447,Zack,Seefus,zseefusce@macromedia.com,Male,102.162.236.251,true,ZACK
448,Marcos,Mathieu,mmathieucf@about.me,Male,119.180.86.146,true,MARCOS
449,Codi,Helgass,chelgasscg@utexas.edu,Male,209.203.160.103,true,CODI
450,Caitlin,Stanbridge,cstanbridgech@taobao.com,Female,66.11.68.51,true,CAITLIN
451,Robin,Brazear,rbrazearci@t.co,Female,124.220.158.106,true,ROBIN
452,Thurston,Hurd,thurdcj@bloomberg.com,Male,117.37.238.11,true,THURSTON
453,Carney,Thurston,cthurstonck@homestead.com,Male,196.57.93.176,true,CARNEY
454,Linoel,Kembley,lkembleycl@furl.net,Male,49.18.141.249,true,LINOEL
455,Alessandra,Selland,asellandcm@chicagotribune.com,Female,53.163.105.219,true,ALESSANDRA
456,Reece,Hartles,rhartlescn@foxnews.com,Male,138.78.105.31,true,REECE
457,Booth,Dufaire,bdufaireco@reverbnation.com,Male,80.143.95.82,true,BOOTH
458,Meaghan,Hatz,mhatzcp@japanpost.jp,Female,215.45.41.71,true,MEAGHAN
459,Franky,Danter,fdantercq@apache.org,Male,224.78.26.182,true,FRANKY
460,Ranee,Pallesen,rpallesencr@dagondesign.com,Female,173.36.129.220,true,RANEE
461,Allina,McWhorter,amcwhortercs@prweb.com,Agender,139.4.56.88,true,ALLINA
462,Sheppard,Guerrieri,sguerrierict@google.de,Male,159.179.239.105,true,SHEPPARD
463,Gunar,Brent,gbrentcu@tmall.com,Male,230.25.149.185,true,GUNAR
464,Merlina,Weall,mweallcv@cnet.com,Female,29.64.83.63,true,MERLINA
465,Grange,Powe,gpowecw@163.com,Male,195.154.134.200,true,GRANGE
466,Layne,Atwell,latwellcx@bbc.co.uk,Female,26.37.72.244,true,LAYNE
467,Uta,Yakebowitch,uyakebowitchcy@google.com.au,Female,246.180.77.249,true,UTA
468,Truman,Doody,tdoodycz@fema.gov,Male,80.135.139.206,true,TRUMAN
469,Putnem,Paffot,ppaffotd0@prweb.com,Male,34.249.187.255,true,PUTNEM
470,Ericka,Garfitt,egarfittd1@slate.com,Female,8.215.145.79,true,ERICKA
471,Ermentrude,Reach,ereachd2@wikia.com,Female,122.147.159.45,true,ERMENTRUDE
472,Emelen,Patria,epatriad3@noaa.gov,Male,77.49.100.63,true,EMELEN
473,Shirlene,Thursby,sthursbyd4@quantcast.com,Female,198.4.216.242,true,SHIRLENE
474,Nevsa,Worral,nworrald5@redcross.org,Female,9.208.130.121,true,NEVSA
475,Demetre,Guillon,dguillond6@virginia.edu,Male,44.179.246.105,true,DEMETRE
476,Joye,Rought,jroughtd7@imageshack.us,Female,118.143.64.253,true,JOYE
477,Derron,Bidgood,dbidgoodd8@nytimes.com,Male,200.213.72.240,true,DERRON
478,Roanne,Reith,rreithd9@e-recht24.de,Female,206.98.121.173,true,ROANNE
479,Dennie,Hoodspeth,dhoodspethda@huffingtonpost.com,Genderfluid,42.181.129.139,true,DENNIE
480,Jessalyn,Bertouloume,jbertouloumedb@icio.us,Female,231.85.33.224,true,JESSALYN
481,Donnamarie,Eary,dearydc@cdc.gov,Female,169.145.239.68,true,DONNAMARIE
482,Hildegarde,Coston,hcostondd@hhs.gov,Female,58.109.90.9,true,HILDEGARDE
483,Felicia,Heinritz,fheinritzde@disqus.com,Female,183.84.14.165,true,FELICIA
484,Urbanus,Salterne,usalternedf@last.fm,Male,138.5.220.185,true,URBANUS
485,Giovanni,Thresh,gthreshdg@histats.com,Male,211.168.41.88,true,GIOVANNI
486,Charline,Desport,cdesportdh@360.cn,Female,242.142.162.179,true,CHARLINE
487,Arvin,Byrd,abyrddi@blinklist.com,Polygender,95.141.194.217,true,ARVIN
488,Rudolfo,Osant,rosantdj@ca.gov,Male,53.76.238.134,true,RUDOLFO
489,Dulsea,Oyley,doyleydk@live.com,Female,240.56.73.30,true,DULSEA
490,Corney,Tytherton,ctythertondl@themeforest.net,Male,236.183.220.181,true,CORNEY
491,Filmore,Scawton,fscawtondm@fotki.com,Male,224.212.158.174,true,FILMORE
492,Courtney,Skuse,cskusedn@theguardian.com,Agender,1.251.89.174,true,COURTNEY
493,Raynor,Ballam,rballamdo@baidu.com,Male,1.66.203.60,true,RAYNOR
494,Bondy,Riach,briachdp@exblog.jp,Male,95.229.133.194,true,BONDY
495,Jae,Aitkenhead,jaitkenheaddq@exblog.jp,Agender,39.251.2.91,true,JAE
496,Meredithe,Reyburn,mreyburndr@marriott.com,Female,75.158.128.94,true,MEREDITHE
497,Giacomo,Le Gassick,glegassickds@go.com,Male,88.164.115.233,true,GIACOMO
498,Izabel,Pask,ipaskdt@paginegialle.it,Female,36.238.190.107,true,IZABEL
499,Curcio,Vannuccinii,cvannucciniidu@scribd.com,Male,2.134.132.220,true,CURCIO
500,Ilene,Ewens,iewensdv@symantec.com,Female,97.20.34.74,true,ILENE
